{"cameraMode":{"drawMode":0,"name":"Shaded","section":"Shading Mode"},"sceneLighting":false,"audioPlay":false,"sceneViewState":{"m_AlwaysRefresh":false,"showFog":true,"showSkybox":false,"showFlares":true,"showImageEffects":true,"showParticleSystems":true,"showVisualEffectGraphs":true,"m_FxEnabled":true},"in2DMode":false,"pivot":{"x":-0.09253669530153275,"y":0.20116494596004487,"z":0.002029785420745611},"rotation":{"x":0.000051733914006035775,"y":-0.9985818862915039,"z":0.053977224975824359,"w":0.0007948194397613406},"size":0.6007552146911621,"orthographic":false}